,Community Area,Community Area Name,Year,Male 15-44,Incidence Rate Lower CI,Incidence Rate Upper CI
0,1,Rogers Park,2000,115.0,494.9,716.3
1,1,Rogers Park,2001,112.0,490.6,713.6
2,1,Rogers Park,2002,125.0,565.9,806.5
3,1,Rogers Park,2003,83.0,370.8,577.2
4,1,Rogers Park,2004,64.0,282.6,468.7
5,1,Rogers Park,2005,63.0,283.9,472.6
6,1,Rogers Park,2006,58.0,264.3,449.9
7,1,Rogers Park,2007,62.0,292.0,488.2
8,1,Rogers Park,2008,74.0,365.6,584.5
9,1,Rogers Park,2009,63.0,312.2,519.8
10,1,Rogers Park,2010,57.0,285.5,488.4
11,1,Rogers Park,2011,64.0,326.0,540.5
12,1,Rogers Park,2012,102.0,543.7,805.5
13,1,Rogers Park,2013,100.0,531.8,791.0
14,1,Rogers Park,2014,112.0,603.5,877.9
15,2,West Ridge,2000,23.0,88.6,209.6
16,2,West Ridge,2001,29.0,118.6,254.3
17,2,West Ridge,2002,27.0,109.3,241.2
18,2,West Ridge,2003,22.0,85.1,205.6
19,2,West Ridge,2004,14.0,47.5,145.8
20,2,West Ridge,2005,20.0,76.3,192.9
21,2,West Ridge,2006,23.0,91.6,216.8
22,2,West Ridge,2007,26.0,107.3,240.6
23,2,West Ridge,2008,16.0,58.1,165.2
24,2,West Ridge,2009,11.0,35.1,125.8
25,2,West Ridge,2010,20.0,78.6,198.6
26,2,West Ridge,2011,32.0,140.7,290.4
27,2,West Ridge,2012,37.0,167.4,327.8
28,2,West Ridge,2013,30.0,130.1,275.2
29,2,West Ridge,2014,33.0,146.0,297.9
30,3,Uptown,2000,165.0,725.6,987.0
31,3,Uptown,2001,152.0,673.3,927.9
32,3,Uptown,2002,119.0,522.0,750.6
33,3,Uptown,2003,97.0,427.1,642.5
34,3,Uptown,2004,107.0,478.3,701.9
35,3,Uptown,2005,76.0,335.5,533.0
36,3,Uptown,2006,90.0,412.0,629.8
37,3,Uptown,2007,82.0,377.4,589.0
38,3,Uptown,2008,52.0,228.5,401.1
39,3,Uptown,2009,45.0,196.4,360.2
40,3,Uptown,2010,62.0,289.3,483.8
41,3,Uptown,2011,77.0,369.9,585.8
42,3,Uptown,2012,137.0,694.2,973.4
43,3,Uptown,2013,150.0,766.9,1059.1
44,3,Uptown,2014,235.0,1247.4,1613.2
45,4,Lincoln Square,2000,17.0,82.3,226.2
46,4,Lincoln Square,2001,18.0,89.6,239.0
47,4,Lincoln Square,2002,11.0,46.6,167.1
48,4,Lincoln Square,2003,6.0,18.9,112.1
49,4,Lincoln Square,2004,11.0,47.7,170.9
50,4,Lincoln Square,2005,16.0,80.3,228.2
51,4,Lincoln Square,2006,13.0,61.5,197.5
52,4,Lincoln Square,2007,15.0,75.4,222.3
53,4,Lincoln Square,2008,17.0,90.1,247.5
54,4,Lincoln Square,2009,9.0,37.9,157.2
55,4,Lincoln Square,2010,16.0,85.2,242.0
56,4,Lincoln Square,2011,21.0,121.0,298.8
57,4,Lincoln Square,2012,15.0,78.2,230.4
58,4,Lincoln Square,2013,17.0,92.2,253.5
59,4,Lincoln Square,2014,15.0,78.2,230.4
60,5,North Center,2000,14.0,78.8,241.9
61,5,North Center,2001,12.0,64.3,217.5
62,5,North Center,2002,16.0,95.6,271.5
63,5,North Center,2003,19.0,120.4,312.3
64,5,North Center,2004,13.0,73.4,235.6
65,5,North Center,2005,11.0,58.7,210.2
66,5,North Center,2006,11.0,59.1,211.9
67,5,North Center,2007,,,
68,5,North Center,2008,7.0,30.8,157.6
69,5,North Center,2009,8.0,38.0,173.6
70,5,North Center,2010,7.0,31.2,160.1
71,5,North Center,2011,17.0,109.9,302.0
72,5,North Center,2012,18.0,118.4,315.6
73,5,North Center,2013,16.0,101.5,288.2
74,5,North Center,2014,17.0,109.9,302.0
75,6,Lake View,2000,127.0,303.3,430.9
76,6,Lake View,2001,88.0,205.2,315.3
77,6,Lake View,2002,85.0,198.7,307.6
78,6,Lake View,2003,122.0,295.5,423.1
79,6,Lake View,2004,106.0,254.4,374.0
80,6,Lake View,2005,116.0,283.1,409.1
81,6,Lake View,2006,118.0,290.4,418.2
82,6,Lake View,2007,113.0,278.5,404.5
83,6,Lake View,2008,88.0,214.7,329.8
84,6,Lake View,2009,88.0,216.1,332.0
85,6,Lake View,2010,99.0,248.1,371.6
86,6,Lake View,2011,116.0,292.5,422.7
87,6,Lake View,2012,182.0,479.6,642.6
88,6,Lake View,2013,187.0,493.9,659.1
89,6,Lake View,2014,262.0,710.0,905.6
90,7,Lincoln Park,2000,24.0,71.8,166.6
91,7,Lincoln Park,2001,22.0,65.0,157.0
92,7,Lincoln Park,2002,30.0,96.3,203.9
93,7,Lincoln Park,2003,24.0,73.9,171.7
94,7,Lincoln Park,2004,26.0,82.5,185.1
95,7,Lincoln Park,2005,16.0,44.9,127.5
96,7,Lincoln Park,2006,10.0,23.8,91.2
97,7,Lincoln Park,2007,14.0,38.3,117.6
98,7,Lincoln Park,2008,22.0,69.8,168.7
99,7,Lincoln Park,2009,22.0,70.6,170.5
100,7,Lincoln Park,2010,21.0,67.2,166.0
101,7,Lincoln Park,2011,18.0,55.2,147.1
102,7,Lincoln Park,2012,26.0,87.9,197.1
103,7,Lincoln Park,2013,22.0,71.3,172.3
104,7,Lincoln Park,2014,45.0,169.7,311.4
105,8,Near North Side,2000,101.0,436.1,647.5
106,8,Near North Side,2001,78.0,326.2,515.1
107,8,Near North Side,2002,82.0,340.5,531.4
108,8,Near North Side,2003,84.0,345.1,535.7
109,8,Near North Side,2004,67.0,264.0,432.5
110,8,Near North Side,2005,60.0,229.8,387.6
111,8,Near North Side,2006,46.0,166.9,304.0
112,8,Near North Side,2007,38.0,131.6,255.2
113,8,Near North Side,2008,44.0,154.5,285.4
114,8,Near North Side,2009,20.0,58.3,147.5
115,8,Near North Side,2010,28.0,87.7,190.8
116,8,Near North Side,2011,50.0,175.0,310.9
117,8,Near North Side,2012,52.0,183.1,321.5
118,8,Near North Side,2013,53.0,187.2,326.9
119,8,Near North Side,2014,49.0,171.0,305.5
120,9,Edison Park,2000,0.0,0.0,0.0
121,9,Edison Park,2001,,,
122,9,Edison Park,2002,,,
123,9,Edison Park,2003,,,
124,9,Edison Park,2004,0.0,0.0,0.0
125,9,Edison Park,2005,,,
126,9,Edison Park,2006,,,
127,9,Edison Park,2007,0.0,0.0,0.0
128,9,Edison Park,2008,0.0,0.0,0.0
129,9,Edison Park,2009,0.0,0.0,0.0
130,9,Edison Park,2010,,,
131,9,Edison Park,2011,0.0,0.0,0.0
132,9,Edison Park,2012,,,
133,9,Edison Park,2013,0.0,0.0,0.0
134,9,Edison Park,2014,,,
135,10,Norwood Park,2000,0.0,0.0,0.0
136,10,Norwood Park,2001,5.0,23.5,169.2
137,10,Norwood Park,2002,,,
138,10,Norwood Park,2003,,,
139,10,Norwood Park,2004,,,
140,10,Norwood Park,2005,,,
141,10,Norwood Park,2006,,,
142,10,Norwood Park,2007,,,
143,10,Norwood Park,2008,,,
144,10,Norwood Park,2009,,,
145,10,Norwood Park,2010,,,
146,10,Norwood Park,2011,,,
147,10,Norwood Park,2012,,,
148,10,Norwood Park,2013,0.0,0.0,0.0
149,10,Norwood Park,2014,,,
150,11,Jefferson Park,2000,,,
151,11,Jefferson Park,2001,,,
152,11,Jefferson Park,2002,5.0,29.5,212.4
153,11,Jefferson Park,2003,,,
154,11,Jefferson Park,2004,,,
155,11,Jefferson Park,2005,,,
156,11,Jefferson Park,2006,5.0,30.5,219.1
157,11,Jefferson Park,2007,,,
158,11,Jefferson Park,2008,,,
159,11,Jefferson Park,2009,,,
160,11,Jefferson Park,2010,,,
161,11,Jefferson Park,2011,,,
162,11,Jefferson Park,2012,,,
163,11,Jefferson Park,2013,,,
164,11,Jefferson Park,2014,,,
165,12,Forest Glen,2000,,,
166,12,Forest Glen,2001,0.0,0.0,0.0
167,12,Forest Glen,2002,0.0,0.0,0.0
168,12,Forest Glen,2003,,,
169,12,Forest Glen,2004,,,
170,12,Forest Glen,2005,0.0,0.0,0.0
171,12,Forest Glen,2006,0.0,0.0,0.0
172,12,Forest Glen,2007,0.0,0.0,0.0
173,12,Forest Glen,2008,0.0,0.0,0.0
174,12,Forest Glen,2009,0.0,0.0,0.0
175,12,Forest Glen,2010,,,
176,12,Forest Glen,2011,,,
177,12,Forest Glen,2012,,,
178,12,Forest Glen,2013,,,
179,12,Forest Glen,2014,,,
180,13,North Park,2000,,,
181,13,North Park,2001,0.0,0.0,0.0
182,13,North Park,2002,,,
183,13,North Park,2003,6.0,56.5,335.0
184,13,North Park,2004,,,
185,13,North Park,2005,,,
186,13,North Park,2006,0.0,0.0,0.0
187,13,North Park,2007,5.0,43.3,311.1
188,13,North Park,2008,,,
189,13,North Park,2009,,,
190,13,North Park,2010,,,
191,13,North Park,2011,,,
192,13,North Park,2012,,,
193,13,North Park,2013,9.0,112.9,468.9
194,13,North Park,2014,,,
195,14,Albany Park,2000,15.0,51.4,151.6
196,14,Albany Park,2001,17.0,61.6,169.4
197,14,Albany Park,2002,19.0,72.4,187.7
198,14,Albany Park,2003,10.0,30.8,118.3
199,14,Albany Park,2004,8.0,22.6,103.1
200,14,Albany Park,2005,10.0,31.9,122.3
201,14,Albany Park,2006,10.0,32.5,124.5
202,14,Albany Park,2007,17.0,68.2,187.5
203,14,Albany Park,2008,14.0,53.6,164.6
204,14,Albany Park,2009,15.0,59.9,176.6
205,14,Albany Park,2010,12.0,45.1,152.5
206,14,Albany Park,2011,14.0,55.7,170.8
207,14,Albany Park,2012,17.0,72.0,197.9
208,14,Albany Park,2013,21.0,94.5,233.4
209,14,Albany Park,2014,19.0,83.2,215.8
210,15,Portage Park,2000,8.0,22.7,103.4
211,15,Portage Park,2001,10.0,31.7,121.7
212,15,Portage Park,2002,13.0,46.1,148.1
213,15,Portage Park,2003,11.0,36.8,132.0
214,15,Portage Park,2004,6.0,14.9,88.4
215,15,Portage Park,2005,6.0,15.0,89.0
216,15,Portage Park,2006,6.0,15.1,89.7
217,15,Portage Park,2007,9.0,28.4,118.1
218,15,Portage Park,2008,9.0,28.7,119.0
219,15,Portage Park,2009,,,
220,15,Portage Park,2010,14.0,54.2,166.3
221,15,Portage Park,2011,12.0,43.9,148.3
222,15,Portage Park,2012,16.0,64.7,183.8
223,15,Portage Park,2013,20.0,86.4,218.5
224,15,Portage Park,2014,26.0,120.2,269.6
225,16,Irving Park,2000,11.0,36.2,129.9
226,16,Irving Park,2001,19.0,76.4,198.2
227,16,Irving Park,2002,16.0,61.8,175.5
228,16,Irving Park,2003,10.0,32.8,125.8
229,16,Irving Park,2004,12.0,42.9,145.0
230,16,Irving Park,2005,12.0,43.4,146.7
231,16,Irving Park,2006,16.0,64.8,184.2
232,16,Irving Park,2007,15.0,60.2,177.5
233,16,Irving Park,2008,11.0,39.9,143.0
234,16,Irving Park,2009,10.0,35.3,135.4
235,16,Irving Park,2010,21.0,96.9,239.2
236,16,Irving Park,2011,10.0,35.7,137.0
237,16,Irving Park,2012,21.0,96.9,239.2
238,16,Irving Park,2013,35.0,181.7,362.7
239,16,Irving Park,2014,31.0,157.0,327.9
240,17,Dunning,2000,,,
241,17,Dunning,2001,,,
242,17,Dunning,2002,,,
243,17,Dunning,2003,,,
244,17,Dunning,2004,,,
245,17,Dunning,2005,,,
246,17,Dunning,2006,,,
247,17,Dunning,2007,0.0,0.0,0.0
248,17,Dunning,2008,,,
249,17,Dunning,2009,,,
250,17,Dunning,2010,,,
251,17,Dunning,2011,6.0,25.7,152.6
252,17,Dunning,2012,,,
253,17,Dunning,2013,,,
254,17,Dunning,2014,9.0,48.1,199.7
255,18,Montclaire,2000,,,
256,18,Montclaire,2001,,,
257,18,Montclaire,2002,,,
258,18,Montclaire,2003,5.0,55.5,398.8
259,18,Montclaire,2004,,,
260,18,Montclaire,2005,,,
261,18,Montclaire,2006,,,
262,18,Montclaire,2007,,,
263,18,Montclaire,2008,,,
264,18,Montclaire,2009,,,
265,18,Montclaire,2010,,,
266,18,Montclaire,2011,,,
267,18,Montclaire,2012,,,
268,18,Montclaire,2013,,,
269,18,Montclaire,2014,,,
270,19,Belmont Cragin,2000,9.0,21.0,87.1
271,19,Belmont Cragin,2001,25.0,82.8,188.8
272,19,Belmont Cragin,2002,33.0,116.5,237.6
273,19,Belmont Cragin,2003,23.0,74.9,177.4
274,19,Belmont Cragin,2004,20.0,62.9,159.1
275,19,Belmont Cragin,2005,23.0,75.2,178.1
276,19,Belmont Cragin,2006,18.0,55.2,147.1
277,19,Belmont Cragin,2007,12.0,32.1,108.7
278,19,Belmont Cragin,2008,19.0,59.4,154.1
279,19,Belmont Cragin,2009,16.0,47.6,135.3
280,19,Belmont Cragin,2010,17.0,51.7,142.0
281,19,Belmont Cragin,2011,27.0,92.9,205.0
282,19,Belmont Cragin,2012,29.0,101.3,217.3
283,19,Belmont Cragin,2013,25.0,84.4,192.5
284,19,Belmont Cragin,2014,24.0,80.2,186.3
285,20,Hermosa,2000,11.0,80.1,287.2
286,20,Hermosa,2001,6.0,32.5,192.6
287,20,Hermosa,2002,10.0,71.5,274.2
288,20,Hermosa,2003,13.0,104.3,335.0
289,20,Hermosa,2004,15.0,127.9,377.0
290,20,Hermosa,2005,11.0,84.6,303.3
291,20,Hermosa,2006,5.0,25.3,181.8
292,20,Hermosa,2007,8.0,54.4,248.5
293,20,Hermosa,2008,8.0,55.1,251.4
294,20,Hermosa,2009,,,
295,20,Hermosa,2010,5.0,26.5,190.4
296,20,Hermosa,2011,7.0,46.0,235.5
297,20,Hermosa,2012,12.0,101.3,342.4
298,20,Hermosa,2013,5.0,26.5,190.4
299,20,Hermosa,2014,9.0,67.2,279.1
300,21,Avondale,2000,6.0,18.9,112.1
301,21,Avondale,2001,9.0,35.6,147.7
302,21,Avondale,2002,15.0,73.1,215.4
303,21,Avondale,2003,6.0,19.3,114.5
304,21,Avondale,2004,7.0,24.8,127.3
305,21,Avondale,2005,10.0,42.6,163.5
306,21,Avondale,2006,15.0,75.2,221.5
307,21,Avondale,2007,9.0,37.1,154.1
308,21,Avondale,2008,6.0,20.0,118.6
309,21,Avondale,2009,11.0,50.3,180.2
310,21,Avondale,2010,13.0,63.8,205.0
311,21,Avondale,2011,10.0,44.2,169.6
312,21,Avondale,2012,21.0,119.8,295.9
313,21,Avondale,2013,19.0,105.5,273.6
314,21,Avondale,2014,36.0,232.5,459.5
315,22,Logan Square,2000,37.0,109.3,213.9
316,22,Logan Square,2001,43.0,131.6,244.9
317,22,Logan Square,2002,48.0,150.8,271.1
318,22,Logan Square,2003,38.0,115.5,224.0
319,22,Logan Square,2004,39.0,120.1,230.9
320,22,Logan Square,2005,41.0,128.5,242.8
321,22,Logan Square,2006,43.0,137.0,255.0
322,22,Logan Square,2007,36.0,111.9,221.2
323,22,Logan Square,2008,27.0,79.6,175.8
324,22,Logan Square,2009,26.0,76.6,171.9
325,22,Logan Square,2010,32.0,99.6,205.5
326,22,Logan Square,2011,35.0,111.0,221.5
327,22,Logan Square,2012,48.0,161.1,289.7
328,22,Logan Square,2013,45.0,149.4,274.0
329,22,Logan Square,2014,54.0,184.7,320.7
330,23,Humboldt park,2000,244.0,1423.8,1832.4
331,23,Humboldt park,2001,186.0,1080.0,1442.6
332,23,Humboldt park,2002,218.0,1303.2,1702.2
333,23,Humboldt park,2003,171.0,1018.9,1378.3
334,23,Humboldt park,2004,143.0,852.4,1186.6
335,23,Humboldt park,2005,139.0,840.6,1175.8
336,23,Humboldt park,2006,116.0,700.5,1012.1
337,23,Humboldt park,2007,145.0,912.3,1267.1
338,23,Humboldt park,2008,107.0,663.7,974.1
339,23,Humboldt park,2009,93.0,585.2,888.3
340,23,Humboldt park,2010,88.0,560.8,861.4
341,23,Humboldt park,2011,118.0,768.3,1106.7
342,23,Humboldt park,2012,122.0,797.3,1141.3
343,23,Humboldt park,2013,106.0,681.9,1002.5
344,23,Humboldt park,2014,80.0,504.0,791.1
345,24,West Town,2000,76.0,217.6,345.7
346,24,West Town,2001,78.0,224.2,353.9
347,24,West Town,2002,92.0,269.8,410.5
348,24,West Town,2003,63.0,176.3,293.5
349,24,West Town,2004,68.0,192.3,314.0
350,24,West Town,2005,51.0,138.4,244.4
351,24,West Town,2006,43.0,113.5,211.2
352,24,West Town,2007,59.0,163.9,277.7
353,24,West Town,2008,45.0,119.8,219.8
354,24,West Town,2009,34.0,86.0,173.6
355,24,West Town,2010,45.0,120.0,220.1
356,24,West Town,2011,50.0,135.7,241.0
357,24,West Town,2012,73.0,209.2,335.6
358,24,West Town,2013,64.0,180.2,298.8
359,24,West Town,2014,64.0,180.2,298.8
360,25,Austin,2000,660.0,2636.6,3072.2
361,25,Austin,2001,602.0,2441.0,2864.8
362,25,Austin,2002,605.0,2501.0,2934.2
363,25,Austin,2003,442.0,1835.9,2213.3
364,25,Austin,2004,379.0,1592.6,1949.2
365,25,Austin,2005,405.0,1743.0,2119.2
366,25,Austin,2006,378.0,1654.6,2025.6
367,25,Austin,2007,369.0,1647.5,2021.9
368,25,Austin,2008,340.0,1543.9,1911.1
369,25,Austin,2009,260.0,1186.3,1514.7
370,25,Austin,2010,239.0,1108.8,1430.8
371,25,Austin,2011,316.0,1493.8,1864.0
372,25,Austin,2012,358.0,1705.0,2099.0
373,25,Austin,2013,348.0,1654.6,2043.2
374,25,Austin,2014,225.0,1039.2,1351.6
375,26,West Garfield Park,2000,146.0,2773.7,3847.7
376,26,West Garfield Park,2001,128.0,2447.4,3473.0
377,26,West Garfield Park,2002,128.0,2497.1,3543.5
378,26,West Garfield Park,2003,93.0,1807.4,2743.3
379,26,West Garfield Park,2004,93.0,1845.7,2801.4
380,26,West Garfield Park,2005,107.0,2178.5,3197.1
381,26,West Garfield Park,2006,88.0,1812.0,2783.5
382,26,West Garfield Park,2007,73.0,1502.2,2409.7
383,26,West Garfield Park,2008,90.0,1943.4,2970.7
384,26,West Garfield Park,2009,46.0,925.7,1686.5
385,26,West Garfield Park,2010,60.0,1289.0,2174.3
386,26,West Garfield Park,2011,83.0,1861.2,2896.7
387,26,West Garfield Park,2012,95.0,2163.8,3269.4
388,26,West Garfield Park,2013,94.0,2138.6,3238.5
389,26,West Garfield Park,2014,57.0,1215.4,2079.1
390,27,East Garfield Park,2000,131.0,2597.9,3671.5
391,27,East Garfield Park,2001,146.0,2919.9,4050.7
392,27,East Garfield Park,2002,137.0,2716.3,3809.1
393,27,East Garfield Park,2003,126.0,2471.5,3517.1
394,27,East Garfield Park,2004,84.0,1588.5,2465.6
395,27,East Garfield Park,2005,96.0,1839.2,2772.8
396,27,East Garfield Park,2006,101.0,1918.4,2848.0
397,27,East Garfield Park,2007,72.0,1326.2,2134.4
398,27,East Garfield Park,2008,99.0,1890.1,2831.3
399,27,East Garfield Park,2009,75.0,1382.5,2203.3
400,27,East Garfield Park,2010,68.0,1234.6,2015.6
401,27,East Garfield Park,2011,74.0,1358.6,2172.1
402,27,East Garfield Park,2012,95.0,1797.1,2715.3
403,27,East Garfield Park,2013,89.0,1671.1,2560.7
404,27,East Garfield Park,2014,64.0,1152.4,1910.9
405,28,Near West Side,2000,159.0,1015.4,1389.2
406,28,Near West Side,2001,128.0,773.4,1097.6
407,28,Near West Side,2002,138.0,813.2,1139.0
408,28,Near West Side,2003,118.0,662.6,954.4
409,28,Near West Side,2004,79.0,415.5,654.1
410,28,Near West Side,2005,89.0,460.9,706.2
411,28,Near West Side,2006,66.0,319.7,525.9
412,28,Near West Side,2007,70.0,332.3,538.6
413,28,Near West Side,2008,103.0,492.4,728.0
414,28,Near West Side,2009,63.0,279.2,464.9
415,28,Near West Side,2010,59.0,252.4,427.7
416,28,Near West Side,2011,83.0,371.6,578.3
417,28,Near West Side,2012,162.0,770.3,1050.7
418,28,Near West Side,2013,89.0,401.7,615.5
419,28,Near West Side,2014,92.0,416.9,634.2
420,29,North Lawndale,2000,243.0,2852.0,3672.4
421,29,North Lawndale,2001,249.0,2941.0,3775.2
422,29,North Lawndale,2002,224.0,2637.4,3432.2
423,29,North Lawndale,2003,179.0,2079.5,2793.3
424,29,North Lawndale,2004,147.0,1685.2,2335.0
425,29,North Lawndale,2005,156.0,1806.6,2479.2
426,29,North Lawndale,2006,151.0,1751.5,2416.3
427,29,North Lawndale,2007,127.0,1454.7,2067.3
428,29,North Lawndale,2008,158.0,1858.0,2544.4
429,29,North Lawndale,2009,113.0,1290.1,1873.3
430,29,North Lawndale,2010,107.0,1219.8,1790.0
431,29,North Lawndale,2011,159.0,1888.7,2583.9
432,29,North Lawndale,2012,185.0,2227.0,2977.0
433,29,North Lawndale,2013,129.0,1501.2,2127.4
434,29,North Lawndale,2014,93.0,1055.7,1602.4
435,30,South Lawndale,2000,60.0,141.3,238.3
436,30,South Lawndale,2001,51.0,119.8,211.6
437,30,South Lawndale,2002,40.0,92.2,175.8
438,30,South Lawndale,2003,30.0,66.9,141.5
439,30,South Lawndale,2004,27.0,60.2,132.8
440,30,South Lawndale,2005,20.0,42.3,107.0
441,30,South Lawndale,2006,25.0,57.5,131.2
442,30,South Lawndale,2007,24.0,56.1,130.2
443,30,South Lawndale,2008,26.0,63.6,142.6
444,30,South Lawndale,2009,25.0,62.3,142.0
445,30,South Lawndale,2010,19.0,45.2,117.3
446,30,South Lawndale,2011,27.0,70.4,155.4
447,30,South Lawndale,2012,32.0,86.6,178.7
448,30,South Lawndale,2013,21.0,51.4,126.9
449,30,South Lawndale,2014,38.0,106.4,206.3
450,31,Lower West Side,2000,14.0,59.9,183.7
451,31,Lower West Side,2001,17.0,79.1,217.3
452,31,Lower West Side,2002,20.0,99.6,251.9
453,31,Lower West Side,2003,26.0,141.5,317.4
454,31,Lower West Side,2004,11.0,46.8,167.7
455,31,Lower West Side,2005,16.0,79.7,226.4
456,31,Lower West Side,2006,14.0,68.2,209.4
457,31,Lower West Side,2007,7.0,25.7,131.7
458,31,Lower West Side,2008,11.0,51.4,184.1
459,31,Lower West Side,2009,14.0,73.4,225.2
460,31,Lower West Side,2010,11.0,54.0,193.6
461,31,Lower West Side,2011,8.0,34.0,155.1
462,31,Lower West Side,2012,18.0,104.9,279.7
463,31,Lower West Side,2013,18.0,104.9,279.7
464,31,Lower West Side,2014,32.0,215.3,444.3
465,32,Loop,2000,16.0,178.6,507.3
466,32,Loop,2001,22.0,245.9,594.1
467,32,Loop,2002,20.0,200.6,507.2
468,32,Loop,2003,13.0,105.3,338.1
469,32,Loop,2004,11.0,77.8,278.8
470,32,Loop,2005,23.0,193.2,457.3
471,32,Loop,2006,20.0,152.1,384.6
472,32,Loop,2007,15.0,98.6,290.5
473,32,Loop,2008,13.0,76.9,246.9
474,32,Loop,2009,6.0,23.2,137.6
475,32,Loop,2010,12.0,62.2,210.1
476,32,Loop,2011,20.0,122.5,309.7
477,32,Loop,2012,17.0,99.3,273.0
478,32,Loop,2013,29.0,194.8,417.6
479,32,Loop,2014,34.0,236.1,476.4
480,33,Near South Side,2000,42.0,1394.9,2616.2
481,33,Near South Side,2001,36.0,989.2,1955.2
482,33,Near South Side,2002,35.0,832.6,1662.5
483,33,Near South Side,2003,29.0,587.3,1259.4
484,33,Near South Side,2004,22.0,374.1,903.7
485,33,Near South Side,2005,19.0,281.3,729.7
486,33,Near South Side,2006,14.0,172.2,528.5
487,33,Near South Side,2007,13.0,143.5,460.9
488,33,Near South Side,2008,16.0,175.8,499.4
489,33,Near South Side,2009,11.0,98.4,352.7
490,33,Near South Side,2010,7.0,47.2,241.9
491,33,Near South Side,2011,19.0,191.9,497.7
492,33,Near South Side,2012,13.0,116.1,373.0
493,33,Near South Side,2013,19.0,191.9,497.7
494,33,Near South Side,2014,14.0,128.4,394.1
495,34,Armour Square,2000,10.0,195.7,750.7
496,34,Armour Square,2001,20.0,492.6,1245.6
497,34,Armour Square,2002,20.0,486.7,1230.6
498,34,Armour Square,2003,16.0,359.9,1022.6
499,34,Armour Square,2004,12.0,241.1,815.2
500,34,Armour Square,2005,5.0,62.4,448.5
501,34,Armour Square,2006,7.0,107.0,548.3
502,34,Armour Square,2007,5.0,61.0,438.5
503,34,Armour Square,2008,,,
504,34,Armour Square,2009,,,
505,34,Armour Square,2010,7.0,102.3,524.2
506,34,Armour Square,2011,6.0,80.0,474.5
507,34,Armour Square,2012,11.0,199.5,715.2
508,34,Armour Square,2013,12.0,225.3,761.6
509,34,Armour Square,2014,7.0,102.3,524.2
510,35,Douglas,2000,127.0,1812.9,2576.3
511,35,Douglas,2001,144.0,2133.2,2966.0
512,35,Douglas,2002,85.0,1232.4,1907.8
513,35,Douglas,2003,60.0,852.5,1437.9
514,35,Douglas,2004,58.0,841.8,1433.1
515,35,Douglas,2005,48.0,694.9,1249.6
516,35,Douglas,2006,43.0,628.2,1169.2
517,35,Douglas,2007,44.0,664.0,1226.7
518,35,Douglas,2008,37.0,557.0,1090.4
519,35,Douglas,2009,22.0,303.8,734.0
520,35,Douglas,2010,12.0,141.0,476.5
521,35,Douglas,2011,32.0,497.5,1026.9
522,35,Douglas,2012,39.0,630.5,1212.0
523,35,Douglas,2013,29.0,441.5,946.7
524,35,Douglas,2014,24.0,349.6,811.8
525,36,Oakland,2000,50.0,3617.1,6424.9
526,36,Oakland,2001,47.0,3379.0,6115.4
527,36,Oakland,2002,25.0,1590.8,3628.8
528,36,Oakland,2003,16.0,902.8,2565.0
529,36,Oakland,2004,14.0,759.3,2330.3
530,36,Oakland,2005,17.0,986.4,2711.0
531,36,Oakland,2006,16.0,914.5,2598.3
532,36,Oakland,2007,22.0,1385.7,3347.6
533,36,Oakland,2008,15.0,847.1,2496.5
534,36,Oakland,2009,7.0,285.4,1462.7
535,36,Oakland,2010,11.0,559.2,2004.4
536,36,Oakland,2011,16.0,931.3,2645.9
537,36,Oakland,2012,17.0,1008.5,2771.8
538,36,Oakland,2013,12.0,631.4,2134.6
539,36,Oakland,2014,13.0,704.9,2263.7
540,37,Fuller Park,2000,15.0,1358.5,4003.3
541,37,Fuller Park,2001,18.0,1754.6,4678.9
542,37,Fuller Park,2002,33.0,3804.9,7762.8
543,37,Fuller Park,2003,15.0,1430.2,4214.7
544,37,Fuller Park,2004,15.0,1457.5,4295.2
545,37,Fuller Park,2005,8.0,610.2,2785.0
546,37,Fuller Park,2006,10.0,862.5,3307.7
547,37,Fuller Park,2007,12.0,1137.7,3846.1
548,37,Fuller Park,2008,15.0,1569.2,4624.3
549,37,Fuller Park,2009,7.0,537.1,2752.5
550,37,Fuller Park,2010,,,
551,37,Fuller Park,2011,8.0,671.9,3066.7
552,37,Fuller Park,2012,8.0,671.9,3066.7
553,37,Fuller Park,2013,6.0,428.4,2540.7
554,37,Fuller Park,2014,,,
555,38,Grand Boulevard,2000,208.0,3982.5,5235.3
556,38,Grand Boulevard,2001,168.0,3196.5,4335.5
557,38,Grand Boulevard,2002,116.0,2152.7,3110.5
558,38,Grand Boulevard,2003,106.0,1970.1,2896.7
559,38,Grand Boulevard,2004,70.0,1268.2,2055.4
560,38,Grand Boulevard,2005,48.0,832.5,1497.0
561,38,Grand Boulevard,2006,63.0,1153.2,1920.0
562,38,Grand Boulevard,2007,78.0,1487.1,2348.0
563,38,Grand Boulevard,2008,69.0,1311.7,2133.5
564,38,Grand Boulevard,2009,58.0,1089.9,1855.5
565,38,Grand Boulevard,2010,44.0,801.7,1481.1
566,38,Grand Boulevard,2011,67.0,1302.0,2133.5
567,38,Grand Boulevard,2012,83.0,1657.7,2580.0
568,38,Grand Boulevard,2013,78.0,1546.1,2441.1
569,38,Grand Boulevard,2014,58.0,1104.4,1880.1
570,39,Kenwood,2000,59.0,1193.6,2022.5
571,39,Kenwood,2001,39.0,746.5,1435.1
572,39,Kenwood,2002,53.0,1082.9,1891.0
573,39,Kenwood,2003,49.0,1001.9,1790.5
574,39,Kenwood,2004,48.0,991.6,1783.1
575,39,Kenwood,2005,32.0,621.6,1283.0
576,39,Kenwood,2006,40.0,823.1,1568.8
577,39,Kenwood,2007,39.0,809.9,1557.0
578,39,Kenwood,2008,49.0,1074.1,1919.5
579,39,Kenwood,2009,16.0,274.9,781.0
580,39,Kenwood,2010,17.0,302.1,830.3
581,39,Kenwood,2011,18.0,325.4,867.8
582,39,Kenwood,2012,37.0,794.7,1555.8
583,39,Kenwood,2013,23.0,444.8,1052.7
584,39,Kenwood,2014,34.0,718.3,1449.4
585,40,Washington Park,2000,114.0,3740.9,5423.1
586,40,Washington Park,2001,105.0,3461.7,5099.3
587,40,Washington Park,2002,107.0,3586.6,5263.6
588,40,Washington Park,2003,60.0,1921.4,3240.9
589,40,Washington Park,2004,53.0,1690.8,2952.5
590,40,Washington Park,2005,48.0,1530.1,2751.4
591,40,Washington Park,2006,64.0,2163.7,3587.7
592,40,Washington Park,2007,45.0,1463.3,2684.5
593,40,Washington Park,2008,44.0,1448.0,2675.2
594,40,Washington Park,2009,46.0,1549.8,2823.6
595,40,Washington Park,2010,40.0,1336.6,2547.6
596,40,Washington Park,2011,44.0,1495.3,2762.8
597,40,Washington Park,2012,54.0,1897.4,3295.5
598,40,Washington Park,2013,52.0,1816.5,3189.5
599,40,Washington Park,2014,31.0,985.2,2058.2
600,41,Hyde Park,2000,37.0,296.1,579.7
601,41,Hyde Park,2001,34.0,272.9,550.6
602,41,Hyde Park,2002,33.0,268.4,547.6
603,41,Hyde Park,2003,39.0,334.3,642.6
604,41,Hyde Park,2004,36.0,310.2,613.2
605,41,Hyde Park,2005,22.0,173.2,418.3
606,41,Hyde Park,2006,27.0,228.2,503.8
607,41,Hyde Park,2007,17.0,129.8,356.7
608,41,Hyde Park,2008,21.0,174.2,430.2
609,41,Hyde Park,2009,14.0,104.9,322.0
610,41,Hyde Park,2010,12.0,87.0,294.2
611,41,Hyde Park,2011,12.0,87.0,294.2
612,41,Hyde Park,2012,22.0,193.4,467.2
613,41,Hyde Park,2013,31.0,295.5,617.3
614,41,Hyde Park,2014,18.0,149.6,399.1
615,42,Woodlawn,2000,154.0,2596.2,3570.0
616,42,Woodlawn,2001,132.0,2201.1,3106.5
617,42,Woodlawn,2002,163.0,2785.7,3796.1
618,42,Woodlawn,2003,144.0,2442.8,3396.6
619,42,Woodlawn,2004,76.0,1219.3,1936.9
620,42,Woodlawn,2005,87.0,1425.0,2194.5
621,42,Woodlawn,2006,93.0,1541.9,2340.4
622,42,Woodlawn,2007,93.0,1548.6,2350.5
623,42,Woodlawn,2008,88.0,1462.5,2246.6
624,42,Woodlawn,2009,46.0,700.9,1276.9
625,42,Woodlawn,2010,47.0,721.8,1306.4
626,42,Woodlawn,2011,87.0,1456.6,2243.2
627,42,Woodlawn,2012,76.0,1251.6,1988.4
628,42,Woodlawn,2013,68.0,1103.8,1802.0
629,42,Woodlawn,2014,44.0,668.3,1234.7
630,43,South Shore,2000,268.0,2030.8,2583.2
631,43,South Shore,2001,269.0,2083.3,2648.9
632,43,South Shore,2002,216.0,1683.3,2201.3
633,43,South Shore,2003,253.0,2040.2,2613.6
634,43,South Shore,2004,189.0,1525.2,2032.4
635,43,South Shore,2005,154.0,1249.7,1718.5
636,43,South Shore,2006,200.0,1700.8,2248.2
637,43,South Shore,2007,168.0,1443.1,1957.3
638,43,South Shore,2008,187.0,1663.0,2219.4
639,43,South Shore,2009,113.0,982.0,1426.0
640,43,South Shore,2010,84.0,733.3,1138.2
641,43,South Shore,2011,124.0,1118.2,1596.0
642,43,South Shore,2012,135.0,1228.3,1726.7
643,43,South Shore,2013,132.0,1198.2,1691.2
644,43,South Shore,2014,128.0,1158.2,1643.6
645,44,Chatham,2000,156.0,2050.9,2814.3
646,44,Chatham,2001,133.0,1756.8,2476.2
647,44,Chatham,2002,114.0,1512.4,2192.6
648,44,Chatham,2003,128.0,1756.4,2492.6
649,44,Chatham,2004,102.0,1394.5,2066.1
650,44,Chatham,2005,105.0,1472.7,2169.3
651,44,Chatham,2006,104.0,1490.4,2199.6
652,44,Chatham,2007,105.0,1542.0,2271.4
653,44,Chatham,2008,103.0,1545.3,2285.1
654,44,Chatham,2009,61.0,889.1,1493.0
655,44,Chatham,2010,48.0,691.4,1243.2
656,44,Chatham,2011,95.0,1501.5,2268.6
657,44,Chatham,2012,97.0,1536.6,2311.6
658,44,Chatham,2013,92.0,1448.8,2204.1
659,44,Chatham,2014,73.0,1117.8,1793.1
660,45,Avalon Park,2000,47.0,1714.7,3103.3
661,45,Avalon Park,2001,44.0,1620.4,2993.8
662,45,Avalon Park,2002,33.0,1175.8,2398.8
663,45,Avalon Park,2003,29.0,1027.6,2203.7
664,45,Avalon Park,2004,29.0,1050.4,2252.5
665,45,Avalon Park,2005,22.0,762.6,1842.2
666,45,Avalon Park,2006,22.0,780.2,1884.9
667,45,Avalon Park,2007,31.0,1220.4,2549.4
668,45,Avalon Park,2008,35.0,1447.7,2890.6
669,45,Avalon Park,2009,25.0,984.7,2246.2
670,45,Avalon Park,2010,10.0,299.3,1147.9
671,45,Avalon Park,2011,33.0,1417.9,2892.9
672,45,Avalon Park,2012,33.0,1417.9,2892.9
673,45,Avalon Park,2013,28.0,1161.4,2526.1
674,45,Avalon Park,2014,21.0,811.5,2003.9
675,46,South Chicago,2000,128.0,1400.2,1987.0
676,46,South Chicago,2001,116.0,1285.1,1856.9
677,46,South Chicago,2002,110.0,1240.6,1810.8
678,46,South Chicago,2003,114.0,1322.6,1917.4
679,46,South Chicago,2004,104.0,1224.1,1806.7
680,46,South Chicago,2005,99.0,1202.9,1801.8
681,46,South Chicago,2006,94.0,1165.9,1765.6
682,46,South Chicago,2007,83.0,1042.5,1622.6
683,46,South Chicago,2008,61.0,756.5,1270.4
684,46,South Chicago,2009,44.0,533.4,985.5
685,46,South Chicago,2010,42.0,520.1,975.4
686,46,South Chicago,2011,52.0,667.3,1171.7
687,46,South Chicago,2012,63.0,831.8,1385.0
688,46,South Chicago,2013,61.0,801.7,1346.3
689,46,South Chicago,2014,43.0,534.7,995.2
690,47,Burnside,2000,22.0,2104.9,5085.3
691,47,Burnside,2001,22.0,2154.2,5204.4
692,47,Burnside,2002,30.0,3233.4,6841.3
693,47,Burnside,2003,17.0,1620.8,4454.7
694,47,Burnside,2004,21.0,2181.1,5386.1
695,47,Burnside,2005,14.0,1315.1,4036.0
696,47,Burnside,2006,10.0,845.8,3243.5
697,47,Burnside,2007,11.0,994.8,3565.7
698,47,Burnside,2008,13.0,1289.0,4139.8
699,47,Burnside,2009,7.0,538.1,2757.6
700,47,Burnside,2010,7.0,554.0,2839.2
701,47,Burnside,2011,8.0,679.9,3103.0
702,47,Burnside,2012,12.0,1220.6,4126.3
703,47,Burnside,2013,8.0,679.9,3103.0
704,47,Burnside,2014,5.0,319.6,2297.0
705,48,Calumet Heights,2000,68.0,1930.0,3150.8
706,48,Calumet Heights,2001,48.0,1321.1,2375.5
707,48,Calumet Heights,2002,42.0,1154.0,2164.4
708,48,Calumet Heights,2003,42.0,1179.7,2212.5
709,48,Calumet Heights,2004,41.0,1172.7,2216.8
710,48,Calumet Heights,2005,34.0,959.9,1936.9
711,48,Calumet Heights,2006,38.0,1122.3,2176.9
712,48,Calumet Heights,2007,25.0,691.7,1577.8
713,48,Calumet Heights,2008,35.0,1068.3,2133.0
714,48,Calumet Heights,2009,14.0,343.8,1055.2
715,48,Calumet Heights,2010,21.0,599.3,1480.0
716,48,Calumet Heights,2011,24.0,709.0,1646.4
717,48,Calumet Heights,2012,30.0,933.2,1974.5
718,48,Calumet Heights,2013,14.0,352.9,1083.0
719,48,Calumet Heights,2014,24.0,709.0,1646.4
720,49,Roseland,2000,300.0,2712.0,3404.2
721,49,Roseland,2001,307.0,2841.9,3557.9
722,49,Roseland,2002,269.0,2525.6,3211.2
723,49,Roseland,2003,220.0,2083.9,2718.5
724,49,Roseland,2004,212.0,2050.8,2688.8
725,49,Roseland,2005,162.0,1569.8,2141.2
726,49,Roseland,2006,190.0,1914.1,2548.7
727,49,Roseland,2007,214.0,2233.1,2924.1
728,49,Roseland,2008,164.0,1718.4,2339.4
729,49,Roseland,2009,86.0,874.4,1350.1
730,49,Roseland,2010,116.0,1240.2,1792.0
731,49,Roseland,2011,132.0,1431.0,2019.6
732,49,Roseland,2012,160.0,1767.2,2415.2
733,49,Roseland,2013,120.0,1287.8,1849.0
734,49,Roseland,2014,103.0,1086.2,1606.2
735,50,Pullman,2000,25.0,959.0,2187.6
736,50,Pullman,2001,29.0,1175.0,2519.6
737,50,Pullman,2002,23.0,900.0,2130.4
738,50,Pullman,2003,24.0,969.5,2251.5
739,50,Pullman,2004,28.0,1198.1,2605.8
740,50,Pullman,2005,26.0,1118.1,2508.0
741,50,Pullman,2006,19.0,770.3,1998.1
742,50,Pullman,2007,21.0,895.3,2210.8
743,50,Pullman,2008,27.0,1254.8,2770.4
744,50,Pullman,2009,14.0,552.6,1696.0
745,50,Pullman,2010,11.0,406.4,1456.8
746,50,Pullman,2011,20.0,904.3,2286.4
747,50,Pullman,2012,19.0,846.8,2196.3
748,50,Pullman,2013,15.0,621.4,1831.3
749,50,Pullman,2014,10.0,355.0,1361.3
750,51,South Deering,2000,59.0,1340.3,2271.2
751,51,South Deering,2001,57.0,1311.8,2244.0
752,51,South Deering,2002,37.0,806.3,1578.5
753,51,South Deering,2003,41.0,927.9,1754.1
754,51,South Deering,2004,21.0,417.8,1031.8
755,51,South Deering,2005,23.0,477.9,1131.2
756,51,South Deering,2006,35.0,815.4,1628.0
757,51,South Deering,2007,45.0,1120.2,2055.0
758,51,South Deering,2008,20.0,425.7,1076.3
759,51,South Deering,2009,20.0,434.7,1099.2
760,51,South Deering,2010,24.0,559.2,1298.5
761,51,South Deering,2011,28.0,676.6,1471.6
762,51,South Deering,2012,28.0,676.6,1471.6
763,51,South Deering,2013,23.0,530.2,1255.0
764,51,South Deering,2014,19.0,416.0,1078.9
765,52,East Side,2000,,,
766,52,East Side,2001,7.0,52.4,268.7
767,52,East Side,2002,,,
768,52,East Side,2003,,,
769,52,East Side,2004,,,
770,52,East Side,2005,,,
771,52,East Side,2006,8.0,66.4,303.0
772,52,East Side,2007,,,
773,52,East Side,2008,,,
774,52,East Side,2009,,,
775,52,East Side,2010,,,
776,52,East Side,2011,5.0,32.0,230.1
777,52,East Side,2012,6.0,43.4,257.5
778,52,East Side,2013,5.0,32.0,230.1
779,52,East Side,2014,8.0,68.1,310.9
780,53,West Pullman,2000,213.0,2634.2,3451.6
781,53,West Pullman,2001,204.0,2571.7,3389.7
782,53,West Pullman,2002,183.0,2339.8,3132.6
783,53,West Pullman,2003,156.0,2013.8,2763.4
784,53,West Pullman,2004,147.0,1933.1,2678.7
785,53,West Pullman,2005,149.0,2011.2,2780.6
786,53,West Pullman,2006,150.0,2078.1,2869.9
787,53,West Pullman,2007,162.0,2320.2,3164.8
788,53,West Pullman,2008,159.0,2335.4,3195.0
789,53,West Pullman,2009,63.0,865.4,1440.9
790,53,West Pullman,2010,72.0,1036.0,1667.4
791,53,West Pullman,2011,91.0,1347.3,2054.6
792,53,West Pullman,2012,84.0,1232.1,1912.4
793,53,West Pullman,2013,62.0,874.1,1461.6
794,53,West Pullman,2014,60.0,841.9,1420.2
795,54,Riverdale,2000,50.0,2249.1,3995.1
796,54,Riverdale,2001,22.0,866.0,2092.2
797,54,Riverdale,2002,47.0,2249.8,4071.7
798,54,Riverdale,2003,43.0,2106.9,3921.5
799,54,Riverdale,2004,48.0,2494.1,4485.0
800,54,Riverdale,2005,24.0,1129.0,2621.9
801,54,Riverdale,2006,25.0,1240.7,2830.2
802,54,Riverdale,2007,19.0,918.1,2381.3
803,54,Riverdale,2008,14.0,644.3,1977.3
804,54,Riverdale,2009,5.0,143.5,1031.7
805,54,Riverdale,2010,11.0,511.8,1834.4
806,54,Riverdale,2011,15.0,782.4,2305.6
807,54,Riverdale,2012,13.0,645.1,2071.9
808,54,Riverdale,2013,20.0,1138.5,2878.6
809,54,Riverdale,2014,8.0,321.9,1469.1
810,55,Hegewisch,2000,,,
811,55,Hegewisch,2001,,,
812,55,Hegewisch,2002,,,
813,55,Hegewisch,2003,,,
814,55,Hegewisch,2004,,,
815,55,Hegewisch,2005,,,
816,55,Hegewisch,2006,,,
817,55,Hegewisch,2007,,,
818,55,Hegewisch,2008,,,
819,55,Hegewisch,2009,0.0,0.0,0.0
820,55,Hegewisch,2010,,,
821,55,Hegewisch,2011,,,
822,55,Hegewisch,2012,,,
823,55,Hegewisch,2013,5.0,87.9,631.7
824,55,Hegewisch,2014,,,
825,56,Garfield Ridge,2000,14.0,106.4,326.7
826,56,Garfield Ridge,2001,18.0,149.0,397.3
827,56,Garfield Ridge,2002,17.0,138.9,381.9
828,56,Garfield Ridge,2003,21.0,183.2,452.3
829,56,Garfield Ridge,2004,12.0,87.8,296.8
830,56,Garfield Ridge,2005,13.0,98.4,316.0
831,56,Garfield Ridge,2006,13.0,98.9,317.6
832,56,Garfield Ridge,2007,16.0,131.2,372.7
833,56,Garfield Ridge,2008,14.0,110.3,338.6
834,56,Garfield Ridge,2009,8.0,50.0,228.2
835,56,Garfield Ridge,2010,9.0,59.9,248.5
836,56,Garfield Ridge,2011,7.0,40.9,209.7
837,56,Garfield Ridge,2012,11.0,79.9,286.3
838,56,Garfield Ridge,2013,9.0,59.9,248.5
839,56,Garfield Ridge,2014,7.0,40.9,209.7
840,57,Archer Heights,2000,,,
841,57,Archer Heights,2001,,,
842,57,Archer Heights,2002,,,
843,57,Archer Heights,2003,0.0,0.0,0.0
844,57,Archer Heights,2004,,,
845,57,Archer Heights,2005,,,
846,57,Archer Heights,2006,,,
847,57,Archer Heights,2007,,,
848,57,Archer Heights,2008,,,
849,57,Archer Heights,2009,0.0,0.0,0.0
850,57,Archer Heights,2010,,,
851,57,Archer Heights,2011,0.0,0.0,0.0
852,57,Archer Heights,2012,,,
853,57,Archer Heights,2013,,,
854,57,Archer Heights,2014,5.0,49.4,354.7
855,58,Brighton Park,2000,9.0,34.4,142.9
856,58,Brighton Park,2001,11.0,46.2,165.5
857,58,Brighton Park,2002,16.0,77.3,219.6
858,58,Brighton Park,2003,7.0,23.9,122.4
859,58,Brighton Park,2004,9.0,35.1,145.8
860,58,Brighton Park,2005,11.0,47.1,168.7
861,58,Brighton Park,2006,5.0,14.0,100.6
862,58,Brighton Park,2007,7.0,24.4,124.9
863,58,Brighton Park,2008,,,
864,58,Brighton Park,2009,8.0,30.2,137.9
865,58,Brighton Park,2010,5.0,14.3,102.4
866,58,Brighton Park,2011,6.0,19.3,114.7
867,58,Brighton Park,2012,13.0,60.9,195.5
868,58,Brighton Park,2013,9.0,36.2,150.2
869,58,Brighton Park,2014,12.0,54.5,184.3
870,59,McKinley Park,2000,,,
871,59,McKinley Park,2001,,,
872,59,McKinley Park,2002,6.0,56.4,334.3
873,59,McKinley Park,2003,5.0,41.9,301.0
874,59,McKinley Park,2004,,,
875,59,McKinley Park,2005,,,
876,59,McKinley Park,2006,,,
877,59,McKinley Park,2007,,,
878,59,McKinley Park,2008,,,
879,59,McKinley Park,2009,,,
880,59,McKinley Park,2010,,,
881,59,McKinley Park,2011,,,
882,59,McKinley Park,2012,,,
883,59,McKinley Park,2013,,,
884,59,McKinley Park,2014,,,
885,60,Bridgeport,2000,,,
886,60,Bridgeport,2001,9.0,49.8,206.7
887,60,Bridgeport,2002,14.0,93.3,286.4
888,60,Bridgeport,2003,7.0,34.6,177.2
889,60,Bridgeport,2004,,,
890,60,Bridgeport,2005,,,
891,60,Bridgeport,2006,,,
892,60,Bridgeport,2007,9.0,52.2,216.6
893,60,Bridgeport,2008,8.0,44.1,201.4
894,60,Bridgeport,2009,,,
895,60,Bridgeport,2010,,,
896,60,Bridgeport,2011,5.0,21.1,151.7
897,60,Bridgeport,2012,7.0,36.5,187.3
898,60,Bridgeport,2013,9.0,53.5,221.9
899,60,Bridgeport,2014,7.0,36.5,187.3
900,61,New City,2000,157.0,1029.8,1411.6
901,61,New City,2001,171.0,1152.8,1559.4
902,61,New City,2002,163.0,1116.4,1521.4
903,61,New City,2003,108.0,723.8,1060.2
904,61,New City,2004,102.0,693.3,1027.3
905,61,New City,2005,79.0,538.9,848.4
906,61,New City,2006,104.0,740.0,1092.0
907,61,New City,2007,69.0,483.6,786.5
908,61,New City,2008,76.0,551.8,876.5
909,61,New City,2009,63.0,456.7,760.4
910,61,New City,2010,64.0,476.2,789.7
911,61,New City,2011,60.0,442.4,746.2
912,61,New City,2012,71.0,535.8,865.3
913,61,New City,2013,67.0,501.7,822.0
914,61,New City,2014,34.0,227.5,459.0
915,62,West Elsdon,2000,,,
916,62,West Elsdon,2001,,,
917,62,West Elsdon,2002,5.0,42.8,307.8
918,62,West Elsdon,2003,0.0,0.0,0.0
919,62,West Elsdon,2004,,,
920,62,West Elsdon,2005,,,
921,62,West Elsdon,2006,,,
922,62,West Elsdon,2007,0.0,0.0,0.0
923,62,West Elsdon,2008,,,
924,62,West Elsdon,2009,,,
925,62,West Elsdon,2010,,,
926,62,West Elsdon,2011,5.0,37.6,270.5
927,62,West Elsdon,2012,,,
928,62,West Elsdon,2013,5.0,37.6,270.5
929,62,West Elsdon,2014,,,
930,63,Gage Park,2000,22.0,135.3,326.9
931,63,Gage Park,2001,30.0,198.9,420.8
932,63,Gage Park,2002,21.0,127.9,315.8
933,63,Gage Park,2003,17.0,97.6,268.2
934,63,Gage Park,2004,13.0,68.3,219.4
935,63,Gage Park,2005,24.0,151.9,352.8
936,63,Gage Park,2006,20.0,120.8,305.5
937,63,Gage Park,2007,19.0,113.3,293.9
938,63,Gage Park,2008,21.0,128.9,318.4
939,63,Gage Park,2009,5.0,16.1,116.0
940,63,Gage Park,2010,9.0,40.9,169.9
941,63,Gage Park,2011,15.0,83.5,246.1
942,63,Gage Park,2012,19.0,113.7,295.0
943,63,Gage Park,2013,18.0,106.1,282.9
944,63,Gage Park,2014,15.0,83.5,246.1
945,64,Clearing,2000,,,
946,64,Clearing,2001,,,
947,64,Clearing,2002,,,
948,64,Clearing,2003,5.0,32.6,234.1
949,64,Clearing,2004,,,
950,64,Clearing,2005,,,
951,64,Clearing,2006,,,
952,64,Clearing,2007,,,
953,64,Clearing,2008,,,
954,64,Clearing,2009,6.0,44.4,263.6
955,64,Clearing,2010,,,
956,64,Clearing,2011,,,
957,64,Clearing,2012,,,
958,64,Clearing,2013,,,
959,64,Clearing,2014,5.0,32.8,235.7
960,65,West Lawn,2000,5.0,24.6,177.1
961,65,West Lawn,2001,7.0,41.8,214.3
962,65,West Lawn,2002,12.0,90.2,304.8
963,65,West Lawn,2003,5.0,23.1,166.2
964,65,West Lawn,2004,,,
965,65,West Lawn,2005,8.0,47.3,215.8
966,65,West Lawn,2006,6.0,29.5,175.2
967,65,West Lawn,2007,9.0,54.2,224.9
968,65,West Lawn,2008,12.0,80.1,270.8
969,65,West Lawn,2009,7.0,35.7,183.0
970,65,West Lawn,2010,9.0,51.3,212.8
971,65,West Lawn,2011,7.0,35.1,179.7
972,65,West Lawn,2012,10.0,59.7,229.0
973,65,West Lawn,2013,9.0,51.3,212.8
974,65,West Lawn,2014,9.0,51.3,212.8
975,66,Chicago Lawn,2000,186.0,1134.1,1514.7
976,66,Chicago Lawn,2001,219.0,1368.7,1786.7
977,66,Chicago Lawn,2002,180.0,1120.4,1503.8
978,66,Chicago Lawn,2003,173.0,1086.1,1466.5
979,66,Chicago Lawn,2004,117.0,715.4,1032.0
980,66,Chicago Lawn,2005,165.0,1056.9,1437.5
981,66,Chicago Lawn,2006,172.0,1119.6,1513.0
982,66,Chicago Lawn,2007,177.0,1169.6,1573.8
983,66,Chicago Lawn,2008,143.0,938.4,1306.4
984,66,Chicago Lawn,2009,96.0,618.2,932.0
985,66,Chicago Lawn,2010,105.0,684.0,1007.6
986,66,Chicago Lawn,2011,144.0,970.4,1349.4
987,66,Chicago Lawn,2012,145.0,977.8,1358.0
988,66,Chicago Lawn,2013,114.0,749.6,1086.8
989,66,Chicago Lawn,2014,84.0,539.7,837.7
990,67,West Englewood,2000,348.0,3548.0,4381.0
991,67,West Englewood,2001,313.0,3242.3,4050.3
992,67,West Englewood,2002,349.0,3723.7,4596.7
993,67,West Englewood,2003,276.0,2970.6,3765.2
994,67,West Englewood,2004,193.0,2071.9,2752.5
995,67,West Englewood,2005,200.0,2206.8,2916.8
996,67,West Englewood,2006,218.0,2483.7,3244.1
997,67,West Englewood,2007,191.0,2209.6,2940.0
998,67,West Englewood,2008,204.0,2436.4,3211.4
999,67,West Englewood,2009,106.0,1220.9,1795.1
1000,67,West Englewood,2010,122.0,1468.2,2101.6
1001,67,West Englewood,2011,174.0,2167.4,2924.0
1002,67,West Englewood,2012,179.0,2235.2,3002.6
1003,67,West Englewood,2013,141.0,1722.4,2403.4
1004,67,West Englewood,2014,102.0,1202.7,1781.9
1005,68,Englewood,2000,360.0,4424.5,5443.9
1006,68,Englewood,2001,339.0,4253.2,5266.6
1007,68,Englewood,2002,267.0,3382.4,4304.4
1008,68,Englewood,2003,266.0,3455.4,4399.4
1009,68,Englewood,2004,187.0,2428.0,3240.4
1010,68,Englewood,2005,193.0,2580.5,3428.3
1011,68,Englewood,2006,181.0,2474.1,3317.9
1012,68,Englewood,2007,191.0,2698.1,3589.9
1013,68,Englewood,2008,179.0,2589.0,3477.8
1014,68,Englewood,2009,101.0,1419.9,2107.9
1015,68,Englewood,2010,118.0,1741.9,2508.9
1016,68,Englewood,2011,129.0,1922.5,2724.5
1017,68,Englewood,2012,155.0,2352.3,3231.3
1018,68,Englewood,2013,113.0,1660.0,2410.6
1019,68,Englewood,2014,77.0,1094.5,1733.4
1020,69,Greater Grand Crossing,2000,205.0,2639.6,3477.0
1021,69,Greater Grand Crossing,2001,179.0,2319.1,3115.1
1022,69,Greater Grand Crossing,2002,189.0,2503.5,3336.1
1023,69,Greater Grand Crossing,2003,155.0,2053.8,2821.2
1024,69,Greater Grand Crossing,2004,129.0,1709.5,2422.5
1025,69,Greater Grand Crossing,2005,138.0,1875.9,2627.3
1026,69,Greater Grand Crossing,2006,152.0,2125.6,2929.2
1027,69,Greater Grand Crossing,2007,136.0,1918.0,2693.0
1028,69,Greater Grand Crossing,2008,144.0,2082.6,2895.8
1029,69,Greater Grand Crossing,2009,96.0,1371.4,2067.6
1030,69,Greater Grand Crossing,2010,84.0,1206.2,1872.2
1031,69,Greater Grand Crossing,2011,113.0,1659.1,2409.3
1032,69,Greater Grand Crossing,2012,130.0,1937.9,2742.5
1033,69,Greater Grand Crossing,2013,101.0,1463.6,2172.8
1034,69,Greater Grand Crossing,2014,95.0,1383.7,2090.6
1035,70,Ashburn,2000,43.0,374.2,696.5
1036,70,Ashburn,2001,58.0,529.7,901.8
1037,70,Ashburn,2002,48.0,425.8,765.7
1038,70,Ashburn,2003,59.0,540.6,916.0
1039,70,Ashburn,2004,51.0,457.1,807.2
1040,70,Ashburn,2005,38.0,323.8,628.1
1041,70,Ashburn,2006,56.0,509.5,875.9
1042,70,Ashburn,2007,64.0,593.8,984.7
1043,70,Ashburn,2008,44.0,385.2,711.8
1044,70,Ashburn,2009,36.0,304.0,600.8
1045,70,Ashburn,2010,31.0,254.0,530.6
1046,70,Ashburn,2011,50.0,447.5,794.9
1047,70,Ashburn,2012,37.0,314.2,615.0
1048,70,Ashburn,2013,47.0,416.4,753.6
1049,70,Ashburn,2014,42.0,365.0,684.6
1050,71,Auburn Gresham,2000,329.0,2903.1,3606.5
1051,71,Auburn Gresham,2001,289.0,2576.6,3248.2
1052,71,Auburn Gresham,2002,335.0,3072.1,3808.9
1053,71,Auburn Gresham,2003,223.0,2028.2,2641.0
1054,71,Auburn Gresham,2004,197.0,1809.4,2396.8
1055,71,Auburn Gresham,2005,205.0,1927.0,2538.2
1056,71,Auburn Gresham,2006,197.0,1884.1,2495.7
1057,71,Auburn Gresham,2007,210.0,2061.0,2705.8
1058,71,Auburn Gresham,2008,183.0,1814.1,2428.9
1059,71,Auburn Gresham,2009,94.0,900.0,1362.9
1060,71,Auburn Gresham,2010,131.0,1315.1,1858.7
1061,71,Auburn Gresham,2011,164.0,1682.6,2290.8
1062,71,Auburn Gresham,2012,141.0,1426.2,1990.0
1063,71,Auburn Gresham,2013,130.0,1304.1,1845.5
1064,71,Auburn Gresham,2014,112.0,1105.5,1608.1
1065,72,Beverly,2000,34.0,568.5,1147.1
1066,72,Beverly,2001,28.0,457.2,994.5
1067,72,Beverly,2002,21.0,325.4,803.6
1068,72,Beverly,2003,20.0,311.5,787.5
1069,72,Beverly,2004,15.0,218.2,642.9
1070,72,Beverly,2005,11.0,145.5,521.4
1071,72,Beverly,2006,17.0,267.5,735.2
1072,72,Beverly,2007,8.0,95.2,434.5
1073,72,Beverly,2008,12.0,174.4,589.7
1074,72,Beverly,2009,13.0,198.9,638.7
1075,72,Beverly,2010,10.0,140.7,539.6
1076,72,Beverly,2011,16.0,268.4,762.4
1077,72,Beverly,2012,35.0,715.3,1428.3
1078,72,Beverly,2013,9.0,120.8,501.3
1079,72,Beverly,2014,10.0,140.7,539.6
1080,73,Washington Heights,2000,157.0,2492.8,3417.2
1081,73,Washington Heights,2001,117.0,1834.9,2647.1
1082,73,Washington Heights,2002,128.0,2063.3,2927.9
1083,73,Washington Heights,2003,118.0,1919.6,2764.8
1084,73,Washington Heights,2004,90.0,1463.3,2236.7
1085,73,Washington Heights,2005,87.0,1435.6,2210.8
1086,73,Washington Heights,2006,94.0,1595.2,2415.7
1087,73,Washington Heights,2007,107.0,1857.1,2725.3
1088,73,Washington Heights,2008,86.0,1502.2,2319.4
1089,73,Washington Heights,2009,43.0,693.5,1290.8
1090,73,Washington Heights,2010,46.0,766.2,1396.0
1091,73,Washington Heights,2011,56.0,962.5,1654.7
1092,73,Washington Heights,2012,77.0,1382.6,2189.7
1093,73,Washington Heights,2013,67.0,1181.5,1936.1
1094,73,Washington Heights,2014,54.0,923.0,1603.2
1095,74,Mount Greenwood,2000,,,
1096,74,Mount Greenwood,2001,,,
1097,74,Mount Greenwood,2002,,,
1098,74,Mount Greenwood,2003,,,
1099,74,Mount Greenwood,2004,,,
1100,74,Mount Greenwood,2005,,,
1101,74,Mount Greenwood,2006,,,
1102,74,Mount Greenwood,2007,,,
1103,74,Mount Greenwood,2008,,,
1104,74,Mount Greenwood,2009,,,
1105,74,Mount Greenwood,2010,0.0,0.0,0.0
1106,74,Mount Greenwood,2011,,,
1107,74,Mount Greenwood,2012,,,
1108,74,Mount Greenwood,2013,,,
1109,74,Mount Greenwood,2014,,,
1110,75,Morgan Park,2000,74.0,1200.5,1919.4
1111,75,Morgan Park,2001,58.0,927.8,1579.5
1112,75,Morgan Park,2002,63.0,1040.0,1731.6
1113,75,Morgan Park,2003,63.0,1061.2,1766.9
1114,75,Morgan Park,2004,45.0,734.4,1347.3
1115,75,Morgan Park,2005,44.0,730.5,1349.6
1116,75,Morgan Park,2006,51.0,886.4,1565.3
1117,75,Morgan Park,2007,48.0,844.5,1518.5
1118,75,Morgan Park,2008,56.0,1032.2,1774.5
1119,75,Morgan Park,2009,22.0,344.2,831.5
1120,75,Morgan Park,2010,24.0,393.0,912.5
1121,75,Morgan Park,2011,29.0,496.3,1064.3
1122,75,Morgan Park,2012,32.0,559.4,1154.5
1123,75,Morgan Park,2013,40.0,730.3,1392.0
1124,75,Morgan Park,2014,27.0,454.7,1003.9
1125,76,O'Hare,2000,,,
1126,76,O'Hare,2001,,,
1127,76,O'Hare,2002,,,
1128,76,O'Hare,2003,,,
1129,76,O'Hare,2004,5.0,51.9,372.7
1130,76,O'Hare,2005,,,
1131,76,O'Hare,2006,,,
1132,76,O'Hare,2007,0.0,0.0,0.0
1133,76,O'Hare,2008,,,
1134,76,O'Hare,2009,,,
1135,76,O'Hare,2010,0.0,0.0,0.0
1136,76,O'Hare,2011,0.0,0.0,0.0
1137,76,O'Hare,2012,,,
1138,76,O'Hare,2013,0.0,0.0,0.0
1139,76,O'Hare,2014,,,
1140,77,Edgewater,2000,101.0,450.2,668.4
1141,77,Edgewater,2001,72.0,316.2,508.9
1142,77,Edgewater,2002,79.0,355.8,560.1
1143,77,Edgewater,2003,78.0,355.5,561.4
1144,77,Edgewater,2004,68.0,308.8,504.1
1145,77,Edgewater,2005,68.0,313.1,511.2
1146,77,Edgewater,2006,80.0,381.6,598.9
1147,77,Edgewater,2007,63.0,295.5,491.9
1148,77,Edgewater,2008,59.0,278.2,471.3
1149,77,Edgewater,2009,52.0,244.1,428.6
1150,77,Edgewater,2010,58.0,281.0,478.4
1151,77,Edgewater,2011,67.0,331.3,542.9
1152,77,Edgewater,2012,102.0,524.6,777.2
1153,77,Edgewater,2013,105.0,541.8,798.2
1154,77,Edgewater,2014,160.0,862.8,1179.2
1155,99,Unknown,2000,5.0,0.0,0.0
1156,99,Unknown,2001,126.0,0.0,0.0
1157,99,Unknown,2002,85.0,0.0,0.0
1158,99,Unknown,2003,4.0,0.0,0.0
1159,99,Unknown,2004,448.0,0.0,0.0
1160,99,Unknown,2005,334.0,0.0,0.0
1161,99,Unknown,2006,317.0,0.0,0.0
1162,99,Unknown,2007,1.0,0.0,0.0
1163,99,Unknown,2008,935.0,0.0,0.0
1164,99,Unknown,2009,2140.0,0.0,0.0
1165,99,Unknown,2010,730.0,0.0,0.0
1166,99,Unknown,2011,399.0,0.0,0.0
1167,99,Unknown,2012,1.0,,
1168,99,Unknown,2013,10.0,,
1169,99,Unknown,2014,4.0,,
1170,88,Chicago,2000,6665.0,922.5,967.9
1171,88,Chicago,2001,6323.0,882.0,926.6
1172,88,Chicago,2002,6071.0,853.8,897.8
1173,88,Chicago,2003,5070.0,717.5,758.1
1174,88,Chicago,2004,4622.0,658.9,698.1
1175,88,Chicago,2005,4385.0,630.2,668.6
1176,88,Chicago,2006,4472.0,648.6,687.8
1177,88,Chicago,2007,4024.0,588.0,625.4
1178,88,Chicago,2008,4788.0,707.9,749.1
1179,88,Chicago,2009,4683.0,698.4,739.6
1180,88,Chicago,2010,3363.0,503.6,538.8
1181,88,Chicago,2011,3863.0,579.7,617.5
1182,88,Chicago,2012,4130.0,620.5,659.5
1183,88,Chicago,2013,3681.0,552.0,588.8
1184,88,Chicago,2014,3390.0,507.6,543.0
